,first_name,last_name,phone,Wallet Address
0,James,Butt,504-621-8927,0x6048710a582fc9ebc9f46afd0fcda2f8
1,Josephine,Darakjy,810-292-9388,0x5a1fcde6a86ea0dd483f33d81f35000f
2,Art,Venere,856-636-8749,0xaf903c532c73b66c934f6e2356344bb0
3,Lenna,Paprocki,907-385-4412,0xab190b6af9471e4c8e717418e940423c
4,Donette,Foller,513-570-1893,0xbe3887c02d3d33e16ba49b3607c50e3a
5,Simona,Morasca,419-503-2484,0xbd670dbca4260f5f1403b555bbe2dd9e
6,Mitsue,Tollner,773-573-6914,0x32431f6104d56f0af48c98041f9c1fc4
7,Leota,Dilliard,408-752-3500,0xfbef27c4fde84df2ab2037871d33c002
8,Sage,Wieser,605-414-2147,0x1397ffcfbd2badb81a0734035a957ef1
9,Kris,Marrier,410-655-8723,0x9c79042a5f769f6c2395b0d51be7677e
10,Minna,Amigon,215-874-1229,0xe5b42efa36b880205f336f68443b7f7b
11,Abel,Maclead,631-335-3414,0x73f3b0914a9b22c96fa993db22b06109
12,Kiley,Caldarera,310-498-5651,0x383e8aecc7b5dc34ef72c9b1528df29a
13,Graciela,Ruta,440-780-8425,0x8c5719cc269ad764a31a92be24c1dce4
14,Cammy,Albares,956-537-6195,0x434057a9fac09d6b7496e771fe44ea17
15,Mattie,Poquette,602-277-4385,0xf0d177e5ccb95cdc805b166a251fd43a
16,Meaghan,Garufi,931-313-9635,0x8b05a629494084569d69c5c621e9f72
17,Gladys,Rim,414-661-9598,0x4f2e9159c5573372938e750bcc4eb919
18,Yuki,Whobrey,313-288-7937,0xf4156afc1971b82e3cf1e451670a4c57
19,Fletcher,Flosi,815-828-2147,0x243fbb6749c1c3e28e5b0fc777b8ea9f
20,Bette,Nicka,610-545-3615,0xc6b36f4f106ac4140962b98d59b09262
21,Veronika,Inouye,408-540-1785,0x1f48e9c9217b0491cfb283ec7879a120
22,Willard,Kolmetz,972-303-9197,0xd08f7259b4806bdceb0dceda7c221b55
23,Maryann,Royster,518-966-7987,0x36fc5adb0e38f6a82be44aab1ca11860
24,Alisha,Slusarski,732-658-3154,0x462f761cc5f46f0ec0bf8a55432bfe10
25,Allene,Iturbide,715-662-6764,0xab97940f0ea50130ccf091ec9281ceb0
26,Chanel,Caudy,913-388-2079,0x2e8f6e0e1e8253acdca3adbca9f1b3a9
27,Ezekiel,Chui,410-669-1642,0x8a254b6a11354eade59cc202d7d13ab9
28,Willow,Kusko,212-582-4976,0xe732d25e62444d97e872c3b04cb1f707
29,Bernardo,Figeroa,936-336-3951,0x5fbe057cc420881e901384a097021499
30,Ammie,Corrio,614-801-9788,0xbb74986d639e428df795ddc8dfceb84e
31,Francine,Vocelka,505-977-3911,0x94c11f6a78921250af32ba1284e7c3c
32,Ernie,Stenseth,201-709-6245,0xa9fc351f9bf36ed55b5c27a5a45ac1be
33,Albina,Glick,732-924-7882,0xe62a6935ce45463de43888624343b524
34,Alishia,Sergi,212-860-1579,0x1a1b9169630cc1c7855526c5e5da9d9e
35,Solange,Shinko,504-979-9175,0xe4d8f90c8eac475e41aa531dff3f3bd
36,Jose,Stockham,212-675-8570,0xee12753cb43b2158ff3f8e48e4ad6463
37,Rozella,Ostrosky,805-832-6163,0x838de99870a68a39fc1613582425eab5
38,Valentine,Gillian,210-812-9597,0x8aa05ec444ce7a9141fef2c623d853ce
39,Kati,Rulapaugh,785-463-7829,0x8c6f98db308db01f1080b4ca0a36b736
40,Youlanda,Schemmer,541-548-8197,0x9952f0ee36db6b349d4a9d899efd9c42
41,Dyan,Oldroyd,913-413-4604,0x90dbb729522059b2c845c88d5634488b
42,Roxane,Campain,907-231-4722,0xb8e265830e735b09ca5c78d67230001c
43,Lavera,Perin,305-606-7291,0xfab398ec97964b8bde4a89d7174ad9e2
44,Erick,Ferencz,907-741-1044,0x8ef19327b835b557c4a7b5fabaaaf23d
45,Fatima,Saylors,952-768-2416,0xd87e8fab49e3bb3dc896b86cdfc666c4
46,Jina,Briddick,617-399-5124,0x6ae426e2bd36649842d86c6e753578f8
47,Kanisha,Waycott,323-453-2780,0x958f4ed7a6fff2bc392b25c6580d39df
48,Emerson,Bowley,608-336-7444,0x6232f227f7ebd9ca6343a6a627fb7955
49,Blair,Malet,215-907-9111,0xe3a778c9884247c75930583f0d4671fa
50,Brock,Bolognia,212-402-9216,0x863fa67e95b94afefb6a354f758e4424
51,Lorrie,Nestle,931-875-6644,0x93731541a74aa535c10072e6b6447a02
52,Sabra,Uyetake,803-925-5213,0xa08c1b817b9e8f9b79211943b7562152
53,Marjory,Mastella,610-814-5533,0xfcf7a8204b46908b5fa5ab3fb61f310
54,Karl,Klonowski,908-877-6135,0x5ff6e4d8b3f064c513685de750eb0a0a
55,Tonette,Wenner,516-968-6051,0x988d7917dab8b21400c0489bdd0296df
56,Amber,Monarrez,215-934-8655,0xdf5bc850f8ffb78d0e74888989742ee
57,Shenika,Seewald,818-423-4007,0xd09db50f87361f3180aa33ed87e9dead
58,Delmy,Ahle,401-458-2547,0x22a6e4da5819dfd875a98b25a351fd9
59,Deeanna,Juhas,215-211-9589,0xbd63b14984d00c52c3643f1938b9da4c
60,Blondell,Pugh,401-960-8259,0x7eb8c18ec0f7b5618d3376a7eeb6654b
61,Jamal,Vanausdal,732-234-1546,0xe978b0ddaa0d3471a222398481e0e6e8
62,Cecily,Hollack,512-486-3817,0xa2b44eac2730fc8674b7797d4590182e
63,Carmelina,Lindall,303-724-7371,0xc51d7ba847b924b49a9a7dedfe334505
64,Maurine,Yglesias,414-748-1374,0x5799fbec17f0a985b2ecc78d5dac5d87
65,Tawna,Buvens,212-674-9610,0x283ec0c037d4bd6907895e2c725e5c7d
66,Penney,Weight,907-797-9628,0x9c96a67af61f4be5691010e8266d9357
67,Elly,Morocco,814-393-5571,0xb90d3ab12d87d511327ad4005dae5f69
68,Ilene,Eroman,410-914-9018,0x1fe99a32912d4161a64c9d349ef4e093
69,Vallie,Mondella,208-862-5339,0x8843aec5d07a3da11c9e9d5f9521fded
70,Kallie,Blackwood,415-315-2761,0x780dbcd0b1e4825191bce4d6783daf06
71,Johnetta,Abdallah,919-225-9345,0x5b0fef6859cf14c25526c4245309b1ad
72,Bobbye,Rhym,650-528-5783,0xd877761aa70827c0d5ff22fa83b8a013
73,Micaela,Rhymes,925-647-3298,0xf7da43e1fe5c656a05a54396c711a898
74,Tamar,Hoogland,740-343-8575,0x383e0cc6565ce8726e65c494de1dc509
75,Moon,Parlato,585-866-8313,0xcf79a2b2c86dc6ff4388eba56cc4596
76,Laurel,Reitler,410-520-4832,0xb7a87bee699a4b698c82eb8763d96a2c
77,Delisa,Crupi,973-354-2040,0x17d76b5ed3e4f61aac2b752480b61647
78,Viva,Toelkes,773-446-5569,0x37c2ab05d42165c015f938bd49388b34
79,Elza,Lipke,973-927-3447,0x9305e1702627d7b3a6e8e3f35c42dd32
80,Devorah,Chickering,505-975-8559,0xbff8625d7cde0fb0248188122e29dfe7
81,Timothy,Mulqueen,718-332-6527,0xda721c373872bdf554f4fb2468ed576e
82,Arlette,Honeywell,904-775-4480,0xeed0e3f48b5e41e61bbfad25da41d447
83,Dominque,Dickerson,510-993-3758,0x46bc14f0adca71d5c741224db04051d2
84,Lettie,Isenhower,216-657-7668,0xf193b263484d79edc4c04b65ddfaf4c9
85,Myra,Munns,817-914-7518,0x8ba95898e1222cd87d11c7ee26da80e
86,Stephaine,Barfield,310-774-7643,0xbd60f455c918baca26bde3d941e0571e
87,Lai,Gato,847-728-7286,0xd7a10fc36eb0e98efb65f85765bbc61f
88,Stephen,Emigh,330-537-5358,0x43b19473ec5df637e9f9167cc8c86ad
89,Tyra,Shields,215-255-1641,0xdaae7b0e0887446b181852c3d0fe9b9
90,Tammara,Wardrip,650-803-1936,0x8a5808991f46e56c8e42376b4bdb0abd
91,Cory,Gibes,626-572-1096,0x79ec92756537b9cfe7adb2529dadd6da
92,Danica,Bruschke,254-782-8569,0xaa544902ebc1283fe71b4c4002676a3b
93,Wilda,Giguere,907-870-5536,0xcd555924ac48eda0a2344215f3621ff6
94,Elvera,Benimadho,408-703-8505,0x2a44a4a858833bbd347639daf76a79ac
95,Carma,Vanheusen,510-503-7169,0x225cc1a24b7547c6bfae2534c2651e54
96,Malinda,Hochard,317-722-5066,0xc315077aadf7e1919490ef33e3f8a2e1
97,Natalie,Fern,307-704-8713,0xbdfe45ab142303707b210e1d5f2889c7
98,Lisha,Centini,703-235-3937,0xe66a50f62fe34d208325f5a4738cc6c9
99,Arlene,Klusman,504-710-5840,0xfe88ef0f54fc376f95e2d1380b25842d
100,Alease,Buemi,303-301-4946,0xf381fd4a894ebb369d4b36d89a6cf09e
101,Louisa,Cronauer,510-828-7047,0x3586c4c0ffd46cacb92db6bcfc608d6e
102,Angella,Cetta,808-892-7943,0xe93ffecd9467d211f2321d898ffa73c7
103,Cyndy,Goldammer,952-334-9408,0x20daba7e60f2f5b009689e8dcedd67f0
104,Rosio,Cork,336-243-5659,0xad823b8fc3e7f9470287731ea0bdfc7d
105,Celeste,Korando,516-509-2347,0x52d540e49aac62bbd736878622bfd128
106,Twana,Felger,503-939-3153,0x4fe00db5518c3be9937145ef2787c984
107,Estrella,Samu,608-976-7199,0x4efeacd681c4a712efc0885c8efc5500
108,Donte,Kines,508-429-8576,0x20d20f14c33b6985575661ce2a2719e8
109,Tiffiny,Steffensmeier,305-385-9695,0xbfd412156de2f34e36b2da2320040ee7
110,Edna,Miceli,814-460-2655,0xa68f463ad0e3035f92ec9adbd18c5557
111,Sue,Kownacki,972-666-3413,0x406252282657ce54bcbbe1e3da4e3de2
112,Jesusa,Shin,931-273-8709,0xbc38f8ca2446f587dbb485cdab54a7a7
113,Rolland,Francescon,973-649-2922,0xcbf532c50c2b6b3809b30a4992f3e9f1
114,Pamella,Schmierer,305-420-8970,0xd3832b89c44328b5538f9acf70c8a171
115,Glory,Kulzer,410-224-9462,0xa6532124222716b1972a4fb794c01598
116,Shawna,Palaspas,805-275-3566,0xc133d28d5f6a5bac823b2bca4c0942b3
117,Brandon,Callaro,808-215-6832,0xd7cb27f16d062cf923febeca30bc0b33
118,Scarlet,Cartan,229-735-3378,0x3bab3f05b369190a61a7a0afe83171fa
119,Oretha,Menter,617-418-5043,0x2ccf648fe61315d87e8321686d00d947
120,Ty,Smith,201-672-1553,0xc9808a9641c1bbe7675e017de5bf553d
121,Xuan,Rochin,650-933-5072,0xe3f2e1246310228832b5ffb0fe2154b4
122,Lindsey,Dilello,909-639-9887,0xfe4511d300b086b3cd61d4e7b60a8347
123,Devora,Perez,510-955-3016,0xd0dd17ee2efa6ebcfa40909906a3d2c1
124,Herman,Demesa,518-497-2940,0x6044fe11914361f0f6d3f0db1eec7d0d
125,Rory,Papasergi,570-867-7489,0x659f6713643d9d0ce3f52362f2f95c3f
126,Talia,Riopelle,973-245-2133,0xb4fe3ac824ce360228815fa3993a5d09
127,Van,Shire,908-409-2890,0xb217410ce56cec136fe60e990169f3e2
128,Lucina,Lary,321-749-4981,0x14cf10256aee535280e2da3ec1a41a99
129,Bok,Isaacs,718-809-3762,0xf293965e2e2271b9228d33253142af69
130,Rolande,Spickerman,808-315-3077,0x8bee12a384ebcfd852c602453ae43e4a
131,Howard,Paulas,303-623-4241,0x49a9cef643cf456e16a086e40945c1ad
132,Kimbery,Madarang,973-310-1634,0x833ee63228ae12e10db34405305e0622
133,Thurman,Manno,609-524-3586,0x525d18504afde57de84a3dd356e8f8e8
134,Becky,Mirafuentes,908-877-8409,0x4b81efa43a19b7c8a2cf1327f4baf138
135,Beatriz,Corrington,508-584-4279,0x75a594fe6a3a97a01532afb930572923
136,Marti,Maybury,773-775-4522,0xf41447b4cf82d0a5166fe9ab3bdce771
137,Nieves,Gotter,503-527-5274,0x20fbd211e38c1a21bddb6d6a96b81bbd
138,Leatha,Hagele,214-339-1809,0xb1d7ffff68438e035d3439b1cd213704
139,Valentin,Klimek,312-303-5453,0x70dc631d01a1363a4f159143d7810788
140,Melissa,Wiklund,419-939-3613,0x3f44c3794de553048f2e4f08a33ddb2
141,Sheridan,Zane,951-645-3605,0x35329a598a3be42862fcb860df8c7f8e
142,Bulah,Padilla,254-463-4368,0x9d85ea157736771f954760a20739c92f
143,Audra,Kohnert,615-406-7854,0x9546f8095db8191cfdd663da93b2dd6d
144,Daren,Weirather,414-959-2540,0x766053728867a09f0a88a9524cc3af09
145,Fernanda,Jillson,410-387-5260,0x5257e22a4c77ec5b21993b20811b19f3
146,Gearldine,Gellinger,972-934-6914,0x28e68ffe913d2aedfe9bdda093e51e81
147,Chau,Kitzman,310-560-8022,0x243075843a7af718073aad7868ce55ce
148,Theola,Frey,516-948-5768,0x886944dfedce821d5a208b5975c58e34
149,Cheryl,Haroldson,609-518-7697,0x147a4e674b45826a27fb5b1eaeb283b8
150,Laticia,Merced,513-508-7371,0xd91286b4503fb51b71447a76257fae48
151,Carissa,Batman,541-326-4074,0xb81186c64db3f5a06016ede7a18ed47e
152,Lezlie,Craghead,919-533-3762,0xcfcb525ac072d09b45eeecb072bdf26f
153,Ozell,Shealy,212-332-8435,0x64f1c4c4af97647164aa774b9b7484f
154,Arminda,Parvis,602-906-9419,0x6529ba9fc7420d0e0df7254fee9f7c2c
155,Reita,Leto,317-234-1135,0xf6bb0b0f0715a31bc29c7d677db4abb2
156,Yolando,Luczki,315-304-4759,0x1619f5aba2ba888f1261b1385dad3a22
157,Lizette,Stem,856-487-5412,0x475b135a4247d532d35338288b9f68f
158,Gregoria,Pawlowicz,516-212-1915,0x3b497bdd942baab0da4be77314b3d1ea
159,Carin,Deleo,501-308-1040,0xa055ab773b15e6d8f6517fd24323fb0f
160,Chantell,Maynerich,651-591-2583,0xe32a19e28732036aad1f731c42f79945
161,Dierdre,Yum,215-325-3042,0xaf2bd69c0a0f4f171631ca99f6ac7637
162,Larae,Gudroe,985-890-7262,0x90ef56799bc772512f1600437a9642f4
163,Latrice,Tolfree,631-957-7624,0x4b3610113957240e36503b5a6cb20578
164,Kerry,Theodorov,916-591-3277,0x20ba3f058050ff21ff12901743a4cfcd
165,Dorthy,Hidvegi,208-649-2373,0xd596b9f92e74056ee8062b5276256cc3
166,Fannie,Lungren,512-587-5746,0x1570ccb3f8634df3c0e5ff48d48077fd
167,Evangelina,Radde,215-964-3284,0x53b3158873524972c8e871e326065fb9
168,Novella,Degroot,808-477-4775,0x853933d601bd18eed80486250aa38c13
169,Clay,Hoa,775-501-8109,0x1e90c1aa7bbd4007bec98cc530002b55
170,Jennifer,Fallick,847-979-9545,0x9fe00945c7516e102898b270d9d88330
171,Irma,Wolfgramm,973-545-7355,0xda4a1880d0dddaf64571c3807cb0c277
172,Eun,Coody,864-256-3620,0xb9cc3a4786cfc1ed30f089fdf5713c75
173,Sylvia,Cousey,410-209-9545,0x618c70f50def513a6e18ff231bcb880b
174,Nana,Wrinkles,914-855-2115,0x5d5e8e1043f5f542f6d0c9b5653af6c4
175,Layla,Springe,212-260-3151,0x4b180aceb14ca1ea3c591684d8bdc85
176,Joesph,Degonia,510-677-9785,0xa1e4d6343cf3027813409c425bbd208d
177,Annabelle,Boord,978-697-6263,0xb532a45730dd3245df970bd50a2f4221
178,Stephaine,Vinning,415-767-6596,0xaccf8f1bd169523fcae2c3c3a780d1f8
179,Nelida,Sawchuk,201-971-1638,0xe7f8297af0b5b594f9d58bf9a9582c09
180,Marguerita,Hiatt,925-634-7158,0x360d5374de3fe25d78d9bd84e16682a4
181,Carmela,Cookey,773-494-4195,0x4b0eebe8a45d28e24435d1a196bf8da8
182,Junita,Brideau,973-943-3423,0xf45665fd1a6983783ce5a03c983bd5db
183,Claribel,Varriano,419-544-4900,0x2c6fc95ed0915cd667ebbdee86c6b6a
184,Benton,Skursky,310-579-2907,0x1126971cee484752c9885960d9c3e38f
185,Hillary,Skulski,352-242-2570,0x7922b7ef2cfc13a01f06826a6cedcd26
186,Merilyn,Bayless,408-758-5015,0xe00a1a26a035f5affaa0a465fdf108e5
187,Teri,Ennaco,570-889-5187,0x3d7d45bed2f6913e76d3b3bc13b7369e
188,Merlyn,Lawler,201-588-7810,0x316aa995e75db2fbb22b200a74dd0f0b
189,Georgene,Montezuma,925-615-5185,0x219d8f4175defe15f7adf6f7988660fe
190,Jettie,Mconnell,908-802-3564,0x13e31a8e209196d4b5df227e4ddcf37e
191,Lemuel,Latzke,631-748-6479,0x418c1eb8e44af7dedb8dc54a113d5c00
192,Melodie,Knipp,805-690-1682,0x7b54bec4c202b24b037fcb13d76c062d
193,Candida,Corbley,908-275-8357,0x674a465d0ebce163b27d80d2ebfbf5a0
194,Karan,Karpin,503-940-8327,0x72fe0eee4f273b99c79e9b3df927d400
195,Andra,Scheyer,503-516-2189,0xbdf09daaa9ed8158c3bda2abfab3a5ec
196,Felicidad,Poullion,856-305-9731,0xe9e57f0d2fb93319c42c9498c37efbf4
197,Belen,Strassner,770-507-8791,0xb3aa4ecf7c64ff9c770fd2900f40f81b
198,Gracia,Melnyk,904-235-3633,0xcd2299b1ddb5c96558bd798333476c27
199,Jolanda,Hanafan,207-458-9196,0x77af5aa8247c074b91b9b542554eeb8b
200,Barrett,Toyama,817-765-5781,0xc4a5c8cae1edece796536782c441bb16
201,Helga,Fredicks,716-752-4114,0x96bce3808c5f896e67b2ebc1a379f64a
202,Ashlyn,Pinilla,305-670-9628,0xcad4ea23cce43a2282c47a14a844c672
203,Fausto,Agramonte,212-313-1783,0xde541db44c8e4e3e583f40a5d8b520ed
204,Ronny,Caiafa,215-605-7570,0x150172d9e564ed0d75accfbc21746650
205,Marge,Limmel,850-430-1663,0xa8bedf58aa22e45da18d236faff6add5
206,Norah,Waymire,415-306-7897,0xf1be2138e8e1eef9ecbf785cfbe92c90
207,Aliza,Baltimore,408-504-3552,0xfecec42dc39988d14e59ed312932b1f1
208,Mozell,Pelkowski,650-947-1215,0xcd909e092db007b69cd9d4444749d23c
209,Viola,Bitsuie,818-864-4875,0x8444c42b123570941c23fadd503d562b
210,Franklyn,Emard,215-558-8189,0xfbd36c70841d2c0a2990b38881661628
211,Willodean,Konopacki,337-253-8384,0x350f1b39a7e7bdff07d586bf1be50c5e
212,Beckie,Silvestrini,313-533-4884,0x3a17283a9c86a66f59bb27cf451c2cc
213,Rebecka,Gesick,512-213-8574,0x3133dc0e1e7f7f26b296aefa6eddf634
214,Frederica,Blunk,214-428-2285,0x969f03d0fc047cc3efe9b0ae99331b31
215,Glen,Bartolet,206-697-5796,0x3c93f2108ed168bae500f9c96d5c681f
216,Freeman,Gochal,610-476-3501,0x9003eab072a42d921f5cad2d9d38973d
217,Vincent,Meinerding,215-372-1718,0x42b1da5c94d4419c8e42b2cf5f8f063e
218,Rima,Bevelacqua,310-858-5079,0xf1a208741de63c262ee76c083bfe67c2
219,Glendora,Sarbacher,707-653-8214,0x8f4721f3858d3adf9f5fbd5a1e915147
220,Avery,Steier,407-808-9439,0x266bce4b841701159806b36f41591e83
221,Cristy,Lother,760-971-4322,0x92977cc0c5e9a7bf93a7869250bd659b
222,Nicolette,Brossart,508-837-9230,0xd21a87930bb76e5786ab8ce80abd3faa
223,Tracey,Modzelewski,936-264-9294,0x319aa5002e1da1d84e81463ab5887e95
224,Virgina,Tegarden,414-214-8697,0x3bb7b00d8eca497b83948f56ee18fe85
225,Tiera,Frankel,626-636-4117,0x9eb96d760e97c2170b6f5345a57a1d0f
226,Alaine,Bergesen,914-300-9193,0xefbaf09637d20e53f86d3fe7f40bf269
227,Earleen,Mai,214-289-1973,0x226988ff27224629968d2236803d5ce6
228,Leonida,Gobern,228-235-5615,0x40495ddcf3b8933f3a8432a834b0c03b
229,Ressie,Auffrey,305-604-8981,0xc613b2f33779d668a0def857fe5706eb
230,Justine,Mugnolo,212-304-9225,0x4d55fd8da33b517cd0da41c54096af0f
231,Eladia,Saulter,201-474-4924,0xef0b79c86bc20abcaf47f449ce462603
232,Chaya,Malvin,734-928-5182,0x5b26231ecb7c995d508f78f61cc00673
233,Gwenn,Suffield,631-258-6558,0xf84abbcc31fd4da734c6ac8d6d11f008
234,Salena,Karpel,330-791-8557,0xe53961d54c9075aaf7a58817009ee13
235,Yoko,Fishburne,203-506-4706,0xdbf2369c80592aa6ef136b75ad235a1e
236,Taryn,Moyd,703-322-4041,0x4380acbecd764dc875a4481a8bf91b6b
237,Katina,Polidori,978-626-2978,0x535d8d3211d64717dd11366b23122d73
238,Rickie,Plumer,419-693-1334,0x8de64b84f35cb9dc8e7e7fb23a306b45
239,Alex,Loader,253-660-7821,0x4ed3bb97c1cacabc5b7fb7aec0f786ff
240,Lashon,Vizarro,916-741-7884,0x516fd9e7bff4351a80d7138c7b866183
241,Lauran,Burnard,307-342-7795,0xdcdb4e51a7b2b8aa7a4ec7fe1e8d47ad
242,Ceola,Setter,207-627-7565,0xb28a88c37f2e6fe3da634b41e4b08175
243,My,Rantanen,215-491-5633,0xf33fe0b2438887134b15bef6135b5cdc
244,Lorrine,Worlds,813-769-2939,0xd2013c08b3fada7b54d06c5e97067ca9
245,Peggie,Sturiale,619-608-1763,0x1f2628bac8e40452349d6c70b457717a
246,Marvel,Raymo,979-718-8968,0x6e164f14c47557b518774c28c5f73995
247,Daron,Dinos,847-233-3075,0xb47b3dc9787e47ee314db72bcb906138
248,An,Fritz,609-228-5265,0xef838548d14c9bca245c8a353e7ef23c
249,Portia,Stimmel,908-722-7128,0x200c2dafe767c5f94262dd8add43edd0
250,Rhea,Aredondo,718-560-9537,0x5d367b22d1c1c5ea22cdecb8d53847e9
251,Benedict,Sama,314-787-1588,0x63a73e2fbf68e1184ed1f5a9bb3141f0
252,Alyce,Arias,209-317-1801,0x2cd9ae5b661f7d4e5a0ab49e5e9ac529
253,Heike,Berganza,973-936-5095,0x1b6b4dcd5922861f282cadc0e19900df
254,Carey,Dopico,317-578-2453,0x535b5b1b200c0790b0315be5742b94e6
255,Dottie,Hellickson,206-540-6076,0xdd5183ceb17fe7b05850387daa6bfa5f
256,Deandrea,Hughey,336-822-7652,0xd28b2f5653b00eb3e0ffd6d03ae477d0
257,Kimberlie,Duenas,785-629-8542,0xa508f38ac26b30a0720b95f2ec1d7de3
258,Martina,Staback,407-471-6908,0x426367181f74d67a564bd12648a5448f
259,Skye,Fillingim,612-508-2655,0x139fec8eb586699aba81e534c93f3341
260,Jade,Farrar,803-352-5387,0x2a671cde917c1fc962251982b7818f55
261,Charlene,Hamilton,707-300-1771,0xd90bbc51356fe4aafd2ecd17e65057ef
262,Geoffrey,Acey,847-222-1734,0xde7dc623efc225a87d96a6f54071c749
263,Stevie,Westerbeck,949-867-4077,0xab2eb5cfdbe4d913537bfb6eb24e5f36
264,Pamella,Fortino,303-404-2210,0xb6ad01ff26b06ceb9ac642e3a936ca27
265,Harrison,Haufler,203-801-6193,0xc3ee0f454cdf0de356be60eea059f163
266,Johnna,Engelberg,425-986-7573,0x684880d2c422f2f7ca95a4cf4777ab38
267,Buddy,Cloney,440-989-5826,0x32291c14e5e993afd0315fe843c98a71
268,Dalene,Riden,603-315-6839,0x2f14b6b2f98de7b297943f61832fb611
269,Jerry,Zurcher,321-518-5938,0x5d5c01fc08c0290e8e940e61b6d10ffc
270,Haydee,Denooyer,212-792-8658,0xde6b3ab3f0681bac1df5ba56246d901b
271,Joseph,Cryer,714-584-2237,0x6f6c8c0b7e9744c39406309632f38f96
272,Deonna,Kippley,248-913-4677,0xe16bcea79c923b30eeb34b19b109ed20
273,Raymon,Calvaresi,317-825-4724,0xc2f8f918ab364dbc8004b3af131ed867
274,Alecia,Bubash,940-276-7922,0x6780e557ec8530e6eb54b094ec4a47ae
275,Ma,Layous,203-721-3388,0x82070182e6fd0234d6ff5887831ce812
276,Detra,Coyier,410-739-9277,0xb8c90d3038d06ded4e22983f55957e74
277,Terrilyn,Rodeigues,504-463-4384,0xe2acda7491832e140903fb3f03eedc12
278,Salome,Lacovara,804-550-5097,0xcadb4b0ef9f7e1b992fcf4f532d5c598
279,Garry,Keetch,215-979-8776,0x1c0e916624cfaac34c8dd8d1192e0904
280,Matthew,Neither,952-651-7597,0xb7c38dba721f13a8501c7488e59c26c3
281,Theodora,Restrepo,305-936-8226,0xd82c4e396370d14fc1336d0dd701527c
282,Noah,Kalafatis,414-263-5287,0x8dbb79d9d7b4fc479af1419fbd5f94c8
283,Carmen,Sweigard,732-941-2621,0xf4d168a5e594d1d053c3f8bac881b425
284,Lavonda,Hengel,701-898-2154,0xd1adc4a0655c83702bef39aed90f4d55
285,Junita,Stoltzman,775-638-9963,0x9adece392ddeaf44bf2f914213b9c4a4
286,Herminia,Nicolozakes,602-954-5141,0xfc391cda2bf750efda59f7988200c69a
287,Casie,Good,615-390-2251,0x7e69f71b2f8e2e750efe40caf2ab59ff
288,Reena,Maisto,410-351-1863,0x52c237daa0011434e26f14326c81ca05
289,Mirta,Mallett,212-870-1286,0x3c245287b86b8c6edb421633b495c719
290,Cathrine,Pontoriero,806-703-1435,0x2b78f29dd42eca3ef60524377189905d
291,Filiberto,Tawil,323-765-2528,0x3019bd5a3c59ceddbba0e6de0af3ec90
292,Raul,Upthegrove,619-509-5282,0x8bfb20a25559f167edaee4702a9aa00f
293,Sarah,Candlish,770-732-1194,0x4c83a5b1af8186209557af68d44b1126
294,Lucy,Treston,508-769-5250,0x90f0c0c1bd7e3fff310ba1e9e2bc13fe
295,Judy,Aquas,269-756-7222,0x586d0f55ad2095c37c807500632682b
296,Yvonne,Tjepkema,973-714-1721,0x9436044e8dc51b8826cc396ac8fc034
297,Kayleigh,Lace,337-740-9323,0x2e9462d251dc224840bf15520f73a083
298,Felix,Hirpara,717-491-5643,0x3c6c5e8b14b112b89acfb61cf38ecefe
299,Tresa,Sweely,314-359-9566,0xd11b4b599597bba82023b6d035735712
300,Kristeen,Turinetti,817-213-8851,0x54b3489768fa0cff466a66a8fd47ba9a
301,Jenelle,Regusters,813-932-8715,0x6aabc7f95b603d86773a4568e05d895e
302,Renea,Monterrubio,770-679-4752,0x4a2f60dd5c03fe1950008dbad521a49c
303,Olive,Matuszak,760-938-6069,0xa43e9aef624775cda1c9825443520e3
304,Ligia,Reiber,517-906-1108,0x58176fe51ce160847972429adbcc426a
305,Christiane,Eschberger,602-390-4944,0x32096049b5af1f76cc3d8d422d091910
306,Goldie,Schirpke,207-295-7569,0x1a582f7f248e9dbee6d5501f3589daa3
307,Loreta,Timenez,301-696-6420,0xc0659845546c9d958806c4b4cd910057
308,Fabiola,Hauenstein,717-809-3119,0x19916f7a7de2e16a7d17754d5dfcdf47
309,Amie,Perigo,972-419-7946,0x702ec7b704197f44aac8350e95f6ef92
310,Raina,Brachle,406-318-1515,0x5abcd0ecd9f2f9c184eb4fcb8d8cce78
311,Erinn,Canlas,973-767-3008,0x67a72fc8b6aef176cb440ce4bf550edc
312,Cherry,Lietz,248-980-6904,0xf8a8a55377e3ad7d16056377397092e5
313,Kattie,Vonasek,216-923-3715,0x92126cca320e122a99f6028fdf9181e5
314,Lilli,Scriven,325-631-1560,0x36782a5255ed14f4faa095cf9f29cb43
315,Whitley,Tomasulo,817-526-4408,0x3f4d636893be1f175dd9179f9fad86b5
316,Barbra,Adkin,718-201-3751,0xedf0d9074f82a31dd2799dff77c84e8b
317,Hermila,Thyberg,401-893-4882,0x39d74f4f09a5403b4dcd56bda1ab547
318,Jesusita,Flister,717-885-9118,0x530197aee33cd77ed2c50ea1e5e9188
319,Caitlin,Julia,401-948-4982,0xdd30b7329fc4376ade205d74a1cfbb04
320,Roosevelt,Hoffis,305-622-4739,0x647411522e343295067439e465a320b8
321,Helaine,Halter,201-832-4168,0x524ec124bf95de439e47087bd8ee211
322,Lorean,Martabano,210-856-4979,0xc2e0ad4177051f483f89254a247d32ef
323,France,Buzick,718-478-8504,0x68c19e67eb1879b4cd62b3f429423cdf
324,Justine,Ferrario,909-993-3242,0x47a534909d164fde4b82e17c351237b2
325,Adelina,Nabours,216-230-4892,0x50cbe810f525e2b98f796d7bfe8d895c
326,Derick,Dhamer,212-304-4515,0xa253abf99a8b2a176edc3b22a72098ee
327,Jerry,Dallen,804-762-9576,0x3f5b64282a8014000e14c313e64858d7
328,Leota,Ragel,706-221-4243,0x366217c69c106287439a7b669ee1f5c6
329,Jutta,Amyot,337-515-1438,0xf41c83559c2f14617ed808f51ae1fcc
330,Aja,Gehrett,973-544-2677,0x99cb31b46a333b00c8063f26f144f5bf
331,Kirk,Herritt,607-407-3716,0xa98a6106ef57b2eb1d5b603c53b80623
332,Leonora,Mauson,973-412-2995,0xeaf50c302b41b0fc4107fc68e09ee89f
333,Winfred,Brucato,208-252-4552,0x328f7d0f04ae0264f4f0dd5c51f0d89a
334,Tarra,Nachor,415-411-1775,0x7b24e10b16f4e83ff936be4b0b9effe5
335,Corinne,Loder,508-942-4186,0x6e1254f5fd1e6fbd4a3c909ec40f5a8f
336,Dulce,Labreche,248-357-8718,0x6030f26b75e8eced1a8bee725ab56006
337,Kate,Keneipp,920-353-6377,0xbd89e474e9a68e76758b1abe4a906e34
338,Kaitlyn,Ogg,410-665-4903,0xa065c77ec53a88414214636719ed38b1
339,Sherita,Saras,719-669-1664,0xe12adc39c46b1cbf41c49a15fe7e39dc
340,Lashawnda,Stuer,419-588-8719,0xa9549f0d6f68a7e87d0d2cdff2ca70b0
341,Ernest,Syrop,301-998-9644,0x7ef2d5336c602389f44daebbd6a40ce9
342,Nobuko,Halsey,508-855-9887,0x32909a0ea652d9089d8e050162e32f5e
343,Lavonna,Wolny,703-483-1970,0xa2571c97babdb04b11db992c3d92196e
344,Lashaunda,Lizama,410-678-2473,0xae3fcc057b82200f2903a3408459c423
345,Mariann,Bilden,512-223-4791,0x9c5b9d6e6365b1a08181e02c52114dea
346,Helene,Rodenberger,623-461-8551,0xe05429cd6e1ad4b3333d5dc30ca81144
347,Roselle,Estell,419-571-5920,0x4388b596c4f25b4821f5c9d71d3b456
348,Samira,Heintzman,206-311-4137,0x33981460d68ff0b744988148bb03a759
349,Margart,Meisel,513-617-2362,0x3d7aee0e88ad4e70ea914bbadd34da79
350,Kristofer,Bennick,812-368-1511,0x4ad0710c2a6081613003f4a1e34ed303
351,Weldon,Acuff,847-353-2156,0xfcf88e850e558b836f6d63635dfc62f6
352,Shalon,Shadrick,718-232-2337,0x1975c06fe6fec2d8a6f662a7a89a368d
353,Denise,Patak,407-446-4358,0x87350f693288a3adb568e29e410d6027
354,Louvenia,Beech,310-820-2117,0x30386036621ced851ea31bda05c2dadb
355,Audry,Yaw,813-797-4816,0xc630af4102ec57031e88021c313a1d77
356,Kristel,Ehmann,915-452-1290,0xc563ab9069841406b36c7d581340cbca
357,Vincenza,Zepp,619-603-5125,0xcc8219d13113ce6147fc3b0b5285e68c
358,Elouise,Gwalthney,301-841-5012,0xd8d4c9c8e5197897f0d3a26e226b742e
359,Venita,Maillard,714-523-6653,0xa71bdb2705889b2d8dcb81a58468ee3c
360,Kasandra,Semidey,314-732-9131,0xe008d2c6a9ff3ecd7334fc7b2b9fd8ee
361,Xochitl,Discipio,512-233-1831,0x75224be6033aab1cb8f8eee170285103
362,Maile,Linahan,336-670-2640,0xe1082a54a0013fa0a5583422fb3188b1
363,Krissy,Rauser,631-443-4710,0x93748f996067fcf60c35664b1aaa9993
364,Pete,Dubaldi,201-825-2514,0xe0f358168096a78f98c29c53188990e7
365,Linn,Paa,901-412-4381,0xc6d1dc230958801c9263918f2c0e1fe8
366,Paris,Wide,404-505-4445,0xc61d500fdb6e6525610c81c70a1b38cc
367,Wynell,Dorshorst,650-473-1262,0x8fec5c5748f743c32777d8aa05fe29e2
368,Quentin,Birkner,952-702-7993,0x344427a90da861f79cc80bac2ff8638f
369,Regenia,Kannady,480-726-1280,0x7597489a3ec96c6a256209c13f24c899
370,Sheron,Louissant,718-976-8610,0x33005ca4241f3afb9ff3bd7d97259191
371,Izetta,Funnell,770-844-3447,0x2fd21b1a2d114a5b32d6e93dc930f92f
372,Rodolfo,Butzen,507-210-3510,0xa2aaa67d72cabb51fa27a4652bbeb6b2
373,Zona,Colla,203-461-1949,0x92f52beb45a62a6a654746f168a58e27
374,Serina,Zagen,260-273-3725,0x5d6632f7b2c147ad7529c849e084eaac
375,Paz,Sahagun,601-927-8287,0x8c4c224eebc47e1f1dca11572300af67
376,Markus,Lukasik,586-970-7380,0x1a4f3fd08806c09e164381037aca6779
377,Jaclyn,Bachman,719-853-3600,0x50cb2682f5b4a050fa5608e6b1c42cbc
378,Cyril,Daufeldt,212-745-8484,0x92cc6b783c0b0bdac3cce53423c42567
379,Gayla,Schnitzler,510-686-3407,0x92b9c529415155d76174fa3b83321160
380,Erick,Nievas,773-704-9903,0x313b18d0e5885a45bec749e74e715d60
381,Jennie,Drymon,570-218-4831,0xfc62169284d79520010e31c8f8d800e5
382,Mitsue,Scipione,530-986-9272,0x9e93e5ffa737391af2b27e065972a507
383,Ciara,Ventura,845-823-8877,0xcb7f50d1ab5e50c8dc37914194bfc330
384,Galen,Cantres,216-600-6111,0x560506c0df835e30d8cdfe725c44e9c3
385,Truman,Feichtner,973-852-2736,0xe690f05f030173ac0c7c138e22d2c64d
386,Gail,Kitty,907-435-9166,0x339bab41007addde25b13e03f5eb0b7e
387,Dalene,Schoeneck,215-268-1275,0x21806accbd9e99247ac4f352d4bc668d
388,Gertude,Witten,513-977-7043,0x9cb2867bf5f43932de245ebf0f3c12c6
389,Lizbeth,Kohl,310-699-1222,0x8947e6b67b0d1f214b9b7c2677f9cc09
390,Glenn,Berray,515-370-7348,0x69da0a5f28b1244dcb5575e74488bd2d
391,Lashandra,Klang,610-809-1818,0xeed489b3f6ca0f09ab71bb4fcc03171e
392,Lenna,Newville,919-623-2524,0x73d935467522ccdf031a6a3635350c6c
393,Laurel,Pagliuca,509-695-5199,0x32b8129a679d6632284c57fc69cdcebd
394,Mireya,Frerking,914-868-5965,0x7a4ecbb8aec5c999a670bfc68fa8f629
395,Annelle,Tagala,410-757-1035,0x8df897456269de654b8332411c1fd81d
396,Dean,Ketelsen,516-847-4418,0xafddc672c08d8ac7d7f20cea159c8fd6
397,Levi,Munis,508-456-4907,0xe0ca691e1e65a2fbd6509085111ef764
398,Sylvie,Ryser,918-644-9555,0x2f9490861d9872d009670adc69c26374
399,Sharee,Maile,231-467-9978,0xb5149ab252a0517cbb92c9c0b072f4a7
400,Cordelia,Storment,337-566-6001,0xad268cc21f6d979d414621fe5be1ef97
401,Mollie,Mcdoniel,419-975-3182,0x5c73122017a8cadcba82ff03c97b607
402,Brett,Mccullan,619-461-9984,0xbadab57f6ae48ec99b7f14f237aa90b5
403,Teddy,Pedrozo,203-892-3863,0xd43eab3c0a135bbeae9394295abdc61f
404,Tasia,Andreason,201-920-9002,0xf8b7afbdaf6356dbade706521bc6a6b3
405,Hubert,Walthall,330-903-1345,0x3dd9d2d1e5388f576d8e2867865f93f0
406,Arthur,Farrow,201-238-5688,0xbc5eeb10c42adfad9901d656b5978ebe
407,Vilma,Berlanga,616-737-3085,0xb36031d6946d310990012d519c4609fe
408,Billye,Miro,601-567-5386,0x3ee756479fad3da6bbea04c88bc50e47
409,Glenna,Slayton,901-640-9178,0x478bdc704b90c1d47c0d4cc640a85815
410,Mitzie,Hudnall,303-402-1940,0x72f9eb7e942bfd082c7f325008482e62
411,Bernardine,Rodefer,901-901-4726,0x33dd8c73d3c4a604437859eb5e0ef1cc
412,Staci,Schmaltz,626-866-2339,0xd2f0b49d52c27a876363778fff24d4c0
413,Nichelle,Meteer,773-225-9985,0x8d2186ff9fe5e055e5ea6ec91b581aa4
414,Janine,Rhoden,718-228-5894,0x2435b4be1313f5f5b1671a267a5cfb39
415,Ettie,Hoopengardner,509-755-5393,0x83a533d5c4b102a5f72642a5ca9c2c37
416,Eden,Jayson,410-890-7866,0xe26e3426e9f9727c1dd63038e21eaf5c
417,Lynelle,Auber,973-860-8610,0x7835cdee4d7b185305d6bd7f5b169a5d
418,Merissa,Tomblin,562-579-6900,0xe7302a6a2219cbf6ac5d9be97aa5e6be
419,Golda,Kaniecki,732-628-9909,0xd8c9c1be6aabd3774026dd958dfc709a
420,Catarina,Gleich,973-210-3994,0x5b15c4b3f6bac08939e97cbf381598a3
421,Virgie,Kiel,303-776-7548,0x8b3ef2161664c2a5d6d1dd3dbc820aea
422,Jolene,Ostolaza,757-682-7116,0xaabddd64017845e04294aed0bb494870
423,Keneth,Borgman,602-919-4211,0x24220b3136e314b62c9d98f3ea376ffb
424,Rikki,Nayar,305-968-9487,0x1f073bdd7a114253e4b805317a86e394
425,Elke,Sengbusch,602-896-2993,0x59385d9e621de4e3b58717e36fb15090
426,Hoa,Sarao,386-526-7800,0x472bf9ce10a76a4b2c8816a16c7d789a
427,Trinidad,Mcrae,415-331-9634,0xa9cc59212fa264645d1805c06415cc8f
428,Mari,Lueckenbach,858-793-9684,0xa4b3d32170653f805840894c8f3a735c
429,Selma,Husser,201-991-8369,0x38b05c35480244cd68422742b4eb42c8
430,Antione,Onofrio,909-430-7765,0x1382720ed0fd9dbb3118362f7648e21b
431,Luisa,Jurney,617-365-2134,0x33c47a9e8b2a226c28d5bc2df1c813ed
432,Clorinda,Heimann,760-291-5497,0xa0a727d654f710287a07ea8a318bc715
433,Dick,Wenzinger,310-510-9713,0x751245162f4c563f33d7a319642d1ce7
434,Ahmed,Angalich,717-528-8996,0xc0886bd3f3970bc08953f4c281c7bbee
435,Iluminada,Ohms,480-293-2882,0xc3c7678fadedc38bcdf89a5e8bcc6e4d
436,Joanna,Leinenbach,561-470-4574,0x724359fb2627fde25985bdb5c70be223
437,Caprice,Suell,615-246-1824,0xc9b094b0bfe4deb7636e5bf5a1d490c3
438,Stephane,Myricks,859-717-7638,0xc394b4b541df4c2f4c47ab516636f357
439,Quentin,Swayze,734-561-6170,0x3c70c441ee50c20ea77595591fa1a3e7
440,Annmarie,Castros,936-751-7961,0xcae03ccfe3f1b257b114e7c03e554533
441,Shonda,Greenbush,973-482-2430,0x7ca6a65d3a3e9d40929833afe44ffb1f
442,Cecil,Lapage,201-693-3967,0x42a4340ed626cdd11224de6cb8be4af0
443,Jeanice,Claucherty,305-988-4162,0xac422c2997b5764a90d75bf7894349c5
444,Josphine,Villanueva,931-553-9774,0x36de31e985b6dfbd5c06e71182515363
445,Daniel,Perruzza,714-771-3880,0x494a287ae1c3d66001fb1d420ff2b732
446,Cassi,Wildfong,847-633-3216,0x4b4240c9e70e648ca9bd395746ee9e20
447,Britt,Galam,215-888-3304,0x3b53a297d6f3a83bf35a77db396df5bb
448,Adell,Lipkin,973-654-1561,0x3f0a44b0cc3bc06f124ae871ae40b14e
449,Jacqueline,Rowling,814-865-8113,0xbc859a074d14e5fd17f0728ba2917f43
450,Lonny,Weglarz,801-293-9853,0xdddd4aee95428113be927021b69c3b14
451,Lonna,Diestel,910-922-3672,0x32b743fca397254dd18974f7c6715f5e
452,Cristal,Samara,213-975-8026,0xa1d806a87d53ca2cad7c99a7209c3840
453,Kenneth,Grenet,517-499-2322,0xce3791cccd897c8b43ea134a7af3a4a
454,Elli,Mclaird,315-818-2638,0x3da0cacb89d03f909e97b944a7699815
455,Alline,Jeanty,574-656-2800,0x188699f6fdd67e59764f634a09e8e193
456,Sharika,Eanes,407-312-1691,0x1bf75776072c816890eaaf87caec77cf
457,Nu,Mcnease,973-751-9003,0x1085d5a0279d34054092c04df9300a30
458,Daniela,Comnick,609-200-8577,0x1f5eaeb6f30da03bd5d5294ad5fe0838
459,Cecilia,Colaizzo,608-382-4541,0x93f01f09170c2615a15e5944aa2b6776
460,Leslie,Threets,914-861-9748,0x430e2d2858974ce6394e89b7f35649f2
461,Nan,Koppinger,336-370-5333,0x348b04e55956f42901be146b8ecae0ff
462,Izetta,Dewar,410-473-1708,0x394832e94dfb42465fae0691b113cdc
463,Tegan,Arceo,732-730-2692,0xf58e7b900f4306f997d07bdd109f8a2b
464,Ruthann,Keener,830-258-2769,0xdeed67bafb600790a76a4641cd8f5a7f
465,Joni,Breland,847-519-5906,0xbb0874b0277f50fff6645d3cb42eb0ae
466,Vi,Rentfro,732-605-4781,0xaffaf74acf2278f2d7f6cc5329c6f28c
467,Colette,Kardas,402-896-5943,0xc0b8947d362d9c527e7469f82d5dd50b
468,Malcolm,Tromblay,703-221-5602,0x6443dc1023bfb9979823b8b633801e67
469,Ryan,Harnos,972-558-1665,0xe041072fb9b54ea266f8a5d46e6c5a35
470,Jess,Chaffins,212-510-4633,0x15e765f8712cdb1ae9e5e99bbfc15430
471,Sharen,Bourbon,516-816-1541,0x5c7c5c7364ed1e152f729b112c3c700d
472,Nickolas,Juvera,352-598-8301,0xb593ab1ff03162cd70f56a8ad5b733b8
473,Gary,Nunlee,317-542-6023,0x42c4f2e6027347a1c837675dc08f6e40
474,Diane,Devreese,816-557-9673,0x17b74981037d07eef9b6d2dda1ed3ca8
475,Roslyn,Chavous,601-234-9632,0xe93b8a940c55e2817001f74836a985a
476,Glory,Schieler,325-869-2649,0xa6b3507a893f356d2a284e926e9d230e
477,Rasheeda,Sayaphon,408-805-4309,0x701d0d7caae9faa1f31022ee8ce3864b
478,Alpha,Palaia,856-312-2629,0x9e9e8ecbc448f377bdc6694911275194
479,Refugia,Jacobos,510-974-8671,0xe7414c5d80a020088ea81b2d63b4cfce
480,Shawnda,Yori,407-538-5106,0x918d1fe9d9730fd04909ee885e464dc2
481,Mona,Delasancha,307-403-1488,0x54404f7f7898d4abea8df58c323f9e82
482,Gilma,Liukko,516-393-9967,0x39582c31b3a8dfcc826082af3553f795
483,Janey,Gabisi,608-967-7194,0x9e8fd3df10fef10d50d55d07d258b997
484,Lili,Paskin,201-431-2989,0x2991c3ac6a3a7173c1da3dfb5377539b
485,Loren,Asar,570-648-3035,0xc99595a9dc0071bf4ae6da72560cc02c
486,Dorothy,Chesterfield,858-617-7834,0x42bdf70098ac8e513a357ccfaa9278a5
487,Gail,Similton,760-616-5388,0xff9c816d8443fe0516b92535e0f23c29
488,Catalina,Tillotson,609-373-3332,0xf8a77fe4320035a086a9f51a53f47cb1
489,Lawrence,Lorens,401-465-6432,0x6387f645e9de3117c2e69082bcd86644
490,Carlee,Boulter,785-347-1805,0xcc637c416aca4d81e2eba65e0eadedc4
491,Thaddeus,Ankeny,916-920-3571,0xeaeec5900e0f038aff6bc94b93ee426c
492,Jovita,Oles,386-248-4118,0xeb6df37264b402a0d3d3344681334904
493,Alesia,Hixenbaugh,202-646-7516,0xd2cff6a9676f29f2209656c8606a9069
494,Lai,Harabedian,415-423-3294,0xc6d1e88f417eedb9f18af06b599bc170
495,Brittni,Gillaspie,208-709-1235,0xe11ebac91f72183cca49b158b286c8d3
496,Raylene,Kampa,574-499-1454,0x4d92c02b22691822c0829b239d59b255
497,Flo,Bookamer,308-726-2182,0xf5cf1d0c614272a098e7b49aad224119
498,Jani,Biddy,206-711-6498,0xe5b75637ce293c62b492e3a5199718dd
499,Chauncey,Motley,407-413-4842,0xa542dd1f72d877d951631a72202f48c3
